{"RuleTriggered": 0, "Violations": 0, "Details": {"pin_memory": false, "num_workers": 0, "cores": 36, "dataloaders": 1, "dataloading_time": {"p25": 0.02413375, "p50": 0.024624, "p95": 0.026388899999999996, "probs": [1, 0, 0, 0, 0, 0, 0, 0, 0, 0, 0, 0, 0, 0, 0, 0, 0, 0, 0, 0, 0, 0, 0, 0, 0, 0, 0, 0, 0, 0, 0, 0, 0, 0, 0, 0, 0, 0, 0, 0, 0, 0, 0, 0, 0, 0, 0, 0, 0, 0, 0, 0, 0, 0, 0, 0, 0, 0, 0, 0, 0, 0, 0, 0, 0, 0, 0, 0, 0, 0, 0, 0, 0, 0, 0, 0, 0, 0, 0, 0, 0, 0, 0, 0, 1, 1, 1, 1, 2, 0, 1, 0, 0, 1, 0, 0, 0, 0, 0, 1], "binedges": [0.007586, 0.00777996, 0.00797392, 0.00816788, 0.00836184, 0.0085558, 0.00874976, 0.00894372, 0.00913768, 0.00933164, 0.0095256, 0.00971956, 0.00991352, 0.01010748, 0.01030144, 0.0104954, 0.01068936, 0.01088332, 0.01107728, 0.01127124, 0.0114652, 0.01165916, 0.01185312, 0.01204708, 0.01224104, 0.012435, 0.01262896, 0.01282292, 0.01301688, 0.01321084, 0.0134048, 0.01359876, 0.01379272, 0.01398668, 0.01418064, 0.0143746, 0.01456856, 0.01476252, 0.01495648, 0.01515044, 0.0153444, 0.015538360000000001, 0.01573232, 0.01592628, 0.01612024, 0.0163142, 0.01650816, 0.01670212, 0.01689608, 0.01709004, 0.017284, 0.01747796, 0.01767192, 0.01786588, 0.01805984, 0.0182538, 0.01844776, 0.01864172, 0.01883568, 0.01902964, 0.0192236, 0.01941756, 0.01961152, 0.01980548, 0.01999944, 0.0201934, 0.02038736, 0.02058132, 0.02077528, 0.02096924, 0.0211632, 0.02135716, 0.02155112, 0.02174508, 0.02193904, 0.022133, 0.02232696, 0.02252092, 0.02271488, 0.02290884, 0.0231028, 0.02329676, 0.02349072, 0.02368468, 0.02387864, 0.0240726, 0.02426656, 0.02446052, 0.02465448, 0.02484844, 0.0250424, 0.02523636, 0.02543032, 0.02562428, 0.02581824, 0.0260122, 0.02620616, 0.02640012, 0.02659408, 0.02678804, 0.026982]}}, "Datapoints": 10, "RuleParameters": "min_threshold:70\nmax_threshold:200"}