{"RuleTriggered": 0, "Violations": 0, "Details": {"step_num": {"first": 1676373026414875, "last": 1676375324865086}, "job_start": 1676372939.500513, "job_end": 1676375339.500562}, "Datapoints": 91, "RuleParameters": "threshold:20"}