{"RuleTriggered": 0, "Violations": 0, "Details": {"ratio": {"cpu_functions": 100.0}, "phase": {"Step:ModeKeys.GLOBAL": 119.40919425117036, "others": -19.40919425117035}, "phase_time": {}, "general": {"DataLoaderIterInitialize": 0.0057628430726264805, "Forward": 99.98593901369543, "DataLoaderIter": 0.008298143231935704}, "CPU": {"dropout": 3.5458270673310173, "matmul": 10.210230066305643, "mm": 25.9141797750916, "NativeLayerNormBackward": 7.28008133819632, "native_layer_norm_backward": 7.278309872143766, "MmBackward": 17.08185383403327, "GeluBackward": 14.344954807897867, "gelu_backward": 14.344563239000504}, "CPU_total": {"dropout": 10178310, "matmul": 29308504, "mm": 74386751, "NativeLayerNormBackward": 20897501, "native_layer_norm_backward": 20892416, "MmBackward": 49033526, "GeluBackward": 41177247, "gelu_backward": 41176123}}, "Datapoints": 0, "RuleParameters": ""}